,Transported
2333,False
2589,False
8302,True
8177,True
500,True
7203,False
437,True
6569,True
7457,False
7655,False
2651,True
6720,False
5861,False
7736,False
4456,False
1916,True
3260,False
2183,True
8223,False
7548,False
8436,False
5260,False
1039,False
3745,True
3487,True
4362,True
6314,True
5798,True
5273,False
107,True
8282,True
4338,True
1414,False
534,True
6380,False
8615,True
6510,False
1995,True
585,True
2266,False
8617,True
6688,False
1965,True
7508,True
1703,False
7888,True
4201,False
491,False
6675,False
5929,True
218,False
7628,False
7637,False
5338,True
8187,False
7616,True
852,False
4608,False
3159,False
6249,True
3720,True
7416,True
7516,False
6972,False
7246,False
4439,True
2585,False
3246,False
8160,False
397,False
1317,True
8362,True
121,False
2436,True
401,False
111,True
2614,False
1566,False
6343,True
2748,False
5572,False
6626,False
4393,True
6444,False
5210,True
6638,False
1557,True
6787,True
8449,True
573,True
3202,False
8272,True
1941,False
3114,False
5164,True
7928,True
1407,True
535,True
3038,True
6917,False
8414,False
3071,False
6128,True
1434,True
3739,False
2485,False
1221,False
4250,False
3166,False
6692,True
7407,True
1454,True
8313,True
7826,True
473,True
6355,True
1820,False
8590,True
881,False
51,True
1840,True
4603,False
4359,False
4128,False
5456,True
469,False
4586,True
4477,False
8687,True
4003,True
5869,True
247,True
70,True
1858,False
1731,True
7556,False
865,False
761,True
5430,False
3352,True
3768,True
7506,False
5987,False
2034,True
3319,True
425,False
188,True
4246,False
7014,False
228,True
4381,True
2022,True
693,False
1041,False
7446,False
7321,False
5427,True
7415,False
3297,True
4546,True
7256,True
801,True
1487,True
6931,False
3941,True
2348,False
5807,True
5573,True
1128,False
6286,True
6920,False
7338,False
4520,False
58,True
3001,False
2481,True
8034,False
2968,False
2492,True
8546,True
5566,False
8334,False
96,True
5570,True
960,False
326,False
3217,False
1632,False
877,True
4125,True
6043,False
156,True
2098,False
2706,False
5546,True
7471,True
831,False
5621,False
611,True
5482,True
4043,False
4739,True
1720,True
2407,False
5396,False
7447,True
2018,False
1188,True
7833,False
6562,False
4267,True
447,False
5993,True
2166,False
2124,False
2302,True
592,True
3527,False
7371,True
5845,True
4556,True
1978,True
1155,False
3905,True
8591,False
2455,True
847,False
4102,False
7025,False
624,False
2705,True
633,False
7547,False
1807,False
5992,True
8142,False
8447,False
756,True
4922,False
7562,False
2375,True
6751,True
8438,False
5836,True
6362,True
4894,True
2879,True
3481,False
7470,True
3519,True
5151,True
3918,False
8281,False
549,True
2534,False
764,True
5537,False
5903,True
7116,False
8404,False
4028,True
4334,True
3126,False
1372,True
4951,True
333,False
1259,False
6211,False
5471,True
7372,True
1024,True
8161,False
752,True
5589,False
6854,False
7660,True
7162,True
7165,False
351,True
1511,True
7564,False
7134,False
7954,True
7448,True
6414,True
701,False
7822,True
3908,False
8429,True
5454,True
3997,False
561,False
3094,True
4891,True
2127,False
4715,True
3148,False
5518,False
2957,False
7606,True
5241,False
5012,False
6865,False
5688,True
1047,True
4762,False
3139,True
4204,True
414,True
3548,False
2913,False
3000,False
2948,False
5538,False
3590,False
3263,True
2777,True
7046,True
1583,False
1412,True
4631,True
5904,False
3016,True
1507,True
3903,False
7669,True
1321,True
842,False
1146,False
4581,True
7440,False
463,True
8515,False
2210,False
8210,False
2664,False
6088,True
378,True
6923,True
1335,False
1223,True
3601,True
5758,True
4348,True
7975,False
1811,True
4487,True
2907,True
1894,True
5006,True
7580,False
2189,False
3573,False
5823,False
1189,False
4997,False
898,False
8361,True
2513,False
3102,False
7429,True
5111,False
5817,False
1030,False
2982,True
6250,True
2391,False
1755,False
2372,True
231,False
5739,True
6511,False
3708,False
6433,False
6403,True
1515,False
216,False
5716,False
2404,True
8067,False
893,True
6818,True
1850,False
7000,False
2991,False
324,True
1215,False
5190,True
4781,True
1129,False
7402,True
8180,False
4528,True
208,False
8437,False
798,False
734,False
7414,False
1174,True
4851,False
6443,False
6070,True
6004,True
5736,True
5936,False
5411,True
198,False
4292,False
1097,True
548,False
4098,True
4663,False
2859,False
2283,True
5018,True
5194,False
4472,True
2173,False
8203,False
7568,False
616,True
7676,True
937,False
622,True
6284,True
4441,True
2726,False
7469,True
4326,False
4434,True
4478,True
2996,True
7760,True
8181,False
8420,False
5623,False
5253,True
478,True
1352,True
5344,True
8635,True
6577,False
5556,False
3992,False
1033,False
3034,False
2354,False
3295,True
2729,True
2543,True
4786,False
2855,False
8431,False
1425,False
2272,False
1871,False
3455,True
8336,True
7737,False
527,True
8196,True
3639,False
4682,False
4074,False
7784,False
6770,False
3208,False
6346,False
6729,True
4463,True
8553,True
6610,False
5303,True
4561,False
2577,False
5809,False
3616,True
6594,False
1554,True
7620,True
4717,True
5494,True
3047,True
8427,False
1677,False
4329,True
5603,True
7701,True
6107,False
296,True
7148,False
57,False
5452,True
2644,True
6518,False
5040,True
3621,True
2598,True
5766,True
3715,False
4053,False
4747,False
648,False
1370,True
7601,False
3392,True
4427,False
681,False
434,True
4233,False
5931,True
1489,False
812,False
1882,True
3535,True
6872,True
1940,False
6217,True
2917,False
5489,True
1181,False
1375,False
6437,True
2867,True
626,True
4132,True
1669,False
2112,False
6499,True
6653,True
6074,False
84,False
5267,True
5074,False
2815,False
8033,True
418,True
5681,True
3589,False
293,False
8655,False
1506,True
7517,True
5559,False
1634,True
4035,True
7935,False
1563,True
6919,False
3482,False
1979,False
1883,True
438,True
5474,True
3100,False
6492,False
7036,False
2280,True
5441,True
2357,False
373,False
8141,False
6392,False
5028,True
5428,False
7328,False
1784,True
4965,True
7161,False
8406,True
8375,False
2374,True
4550,False
4619,True
5723,True
6984,False
5284,True
5747,True
7894,False
5202,False
1541,True
2377,True
322,False
2031,False
7100,False
8604,False
7067,False
3806,False
5930,False
2184,False
110,False
3834,False
5884,True
1079,True
2226,False
3844,True
7914,False
5147,True
5318,False
1164,False
3544,False
1450,False
6976,True
7039,True
8676,False
8689,False
4539,True
3314,True
6130,False
6308,True
3881,True
4514,True
4553,True
5186,True
3142,False
1514,True
2313,True
8080,False
1451,False
2020,True
6683,False
4317,False
7302,False
8520,False
838,True
8618,True
6622,False
8380,True
8502,True
6386,False
6899,False
450,False
4328,True
1714,True
7507,False
7129,True
339,True
3274,True
4838,True
6884,True
1419,True
34,True
6822,True
6066,False
2807,False
1410,True
4486,True
2170,True
3666,True
889,False
8118,False
8612,False
7726,False
2244,True
3053,False
8213,False
5335,True
432,False
8330,True
3689,True
7479,True
2858,True
6857,False
2611,False
1886,False
2795,False
1786,False
3413,False
3150,False
2181,True
8572,False
8455,False
2069,True
7267,True
8185,False
880,False
4582,False
7816,True
2818,False
8209,False
3312,True
4228,False
2515,True
2988,False
1706,True
1158,True
2306,False
6715,True
7177,True
5009,True
3400,True
6323,True
5118,False
6100,True
7351,True
5969,True
4657,False
1782,False
3182,True
3149,True
4374,True
904,False
8399,False
5873,False
7828,False
5678,True
2080,False
1565,False
4510,True
4824,True
3091,True
3608,False
6192,False
6180,True
1113,False
3944,True
5391,False
3614,True
7393,False
8405,False
6118,False
254,True
4575,False
2926,False
4056,True
5327,True
5316,True
4392,True
6399,True
5065,False
5436,True
303,True
4701,True
3441,True
4871,False
6580,True
1436,False
2641,True
6011,True
376,False
1869,True
6998,False
6448,True
7552,False
1658,False
755,False
3661,True
7405,False
8640,True
290,False
4567,True
3007,False
2118,True
6778,True
5261,True
501,True
2580,False
4060,True
3653,False
1539,False
4634,True
1211,False
8211,True
672,False
8016,True
8341,True
2576,False
2728,False
4819,True
7126,True
1464,True
5070,True
8270,True
1192,True
8620,True
2264,False
421,True
505,False
6660,True
1582,False
506,False
2405,True
5533,True
6080,True
621,True
2126,False
6672,False
3309,True
4247,True
3333,True
347,False
8068,False
5328,True
3410,True
7990,True
7052,False
8389,False
312,False
4333,False
746,False
3960,False
2476,False
2024,True
4689,True
3017,True
3898,False
6639,False
5558,True
4024,False
6504,True
259,False
4085,True
7742,True
380,True
5964,False
5204,True
1912,True
7604,True
599,True
45,True
1444,False
1652,True
8592,False
1893,True
3790,True
2406,False
5649,True
8487,False
4071,True
1966,True
2602,False
5374,True
8627,True
4101,False
1600,True
5620,True
3956,False
4235,False
4622,True
3707,False
6258,False
426,True
410,False
7638,False
3185,True
6025,True
6045,False
3742,True
4100,True
7235,True
210,False
2487,False
5741,True
7365,True
5458,True
5504,False
1049,True
3961,True
7598,True
7778,True
5193,True
1972,False
3154,True
2099,False
1499,True
1109,True
6324,False
3532,True
652,True
3032,True
7757,True
1795,False
1702,False
6634,False
5255,True
3688,False
1498,False
3082,True
4830,False
2178,True
4925,True
7275,True
4630,True
3245,False
705,False
1872,True
4087,True
3322,True
7881,False
3210,True
8081,True
3984,False
5579,True
3014,False
6365,False
565,False
5400,True
7063,False
6322,True
640,False
3164,True
3161,False
6227,True
5664,False
1964,False
6065,False
3692,True
325,False
6068,True
2338,True
3399,False
7180,True
5446,True
2237,False
6347,False
4482,True
5008,False
8397,False
4176,True
3813,True
864,False
4418,False
7733,False
5487,True
6906,True
4755,False
371,False
6044,False
4315,True
6564,False
2542,False
7213,False
4442,False
6542,True
8586,False
8501,False
4039,True
1360,False
911,False
8557,False
3106,False
5735,True
7923,False
3064,False
964,False
1423,False
122,True
479,False
662,False
7856,False
3238,False
6081,True
5967,True
2776,True
439,False
1379,True
7573,False
7986,False
1443,True
5015,False
7322,False
1477,True
7699,True
1173,True
5185,False
4030,False
4161,False
3165,True
7645,True
4029,False
2669,True
279,False
4920,True
5076,False
5982,True
2571,True
5292,False
1101,True
568,False
1694,True
5581,True
5366,False
5549,True
7176,True
3026,True
577,True
59,True
787,True
3254,True
6407,False
7333,False
5850,True
5096,False
2922,True
7896,False
4271,True
7646,False
5586,False
8522,True
335,False
6695,False
5814,True
6495,True
7748,False
184,True
4041,True
4382,False
420,False
2350,False
553,True
1397,False
8171,False
3118,True
7572,True
1760,True
3060,True
297,True
443,False
777,False
1119,False
3467,False
3341,True
3151,True
1921,False
655,False
2229,True
2537,True
6377,False
6329,False
2540,False
3418,True
7460,True
2457,False
2578,True
7305,True
3011,False
7318,False
2758,False
6146,True
4694,True
558,True
7688,False
1371,True
6752,False
907,True
5224,False
1433,True
7278,True
5050,True
3433,True
6821,True
4594,True
926,False
4766,False
2470,False
15,False
143,True
6849,True
2363,False
4923,True
6525,True
1161,True
4057,True
3721,False
6111,True
3012,True
5843,False
2820,False
1362,True
3626,False
1212,False
1876,False
4509,False
3127,True
3955,False
7104,False
4629,True
8647,False
1170,False
579,False
2182,False
3520,True
2868,False
3395,False
1833,True
6281,False
4782,True
1859,True
4700,True
3620,False
2685,False
4803,False
7075,True
4240,True
387,True
8411,False
1032,False
5906,False
2488,False
7872,True
2629,True
3328,False
3085,True
7795,True
931,False
3393,False
691,True
3914,True
1891,False
2268,False
5022,True
3706,False
4414,True
7262,True
4295,False
7791,False
44,True
4423,True
3555,True
8057,True
1187,False
5689,False
8049,False
4291,True
1683,False
7120,True
3880,True
6481,False
63,False
617,True
4696,False
5946,False
227,True
3950,True
7674,False
5743,False
3143,True
3660,True
969,True
1805,True
2447,False
6181,True
7435,True
4864,False
6503,False
6013,False
2851,False
3498,True
3733,False
1860,False
4633,False
6989,False
7943,False
3685,False
252,False
4623,True
5940,False
1789,False
6300,True
2059,True
4817,True
3090,False
5464,True
1902,False
2750,True
2119,True
6754,True
4205,True
3479,False
2689,False
3795,False
4836,False
5221,False
75,False
2345,True
2351,True
4368,False
430,False
4691,True
7086,False
6756,True
5082,False
8123,False
8183,False
3059,True
7738,False
7381,True
6859,False
7824,False
240,True
783,True
1354,True
4299,True
977,True
809,False
2168,False
7131,False
4325,True
1599,False
4370,True
3206,True
4498,True
7500,True
1620,False
4397,False
1482,False
2146,False
1801,True
2095,False
6571,True
1357,False
6053,True
8214,False
3463,True
3909,False
4626,True
4269,True
3381,False
4108,False
3934,False
494,False
4519,False
7958,False
2328,True
29,False
8056,True
4046,True
8516,False
1092,False
124,False
4848,True
6685,True
4198,False
5606,False
2298,False
5834,False
1553,False
7719,False
598,True
2123,False
1416,False
7050,True
5605,True
4734,True
5314,True
7373,False
5720,False
2197,False
7226,False
5167,False
725,False
6326,False
8628,True
808,True
3412,True
6267,True
958,True
6723,False
4376,False
810,False
834,True
4054,True
2423,True
4845,False
3332,False
1235,True
1225,False
6924,True
7563,False
3910,True
7486,True
6774,True
5609,False
3787,True
4995,True
2966,False
6261,False
6291,True
1657,False
7782,True
7764,False
452,False
8112,False
5349,True
3043,True
2619,True
422,False
4559,True
1220,True
2929,True
5587,False
6509,False
2845,True
3023,False
8370,False
1001,True
102,True
2418,True
5663,False
7740,True
6341,True
1580,False
6520,True
2206,True
170,False
6768,True
135,True
757,True
5169,False
1310,True
1217,True
2284,False
5026,False
2905,False
5259,True
3101,True
5245,True
1935,False
3172,False
6304,False
5810,True
807,True
2045,False
3684,True
462,False
2927,True
1956,True
2445,False
4420,True
5235,False
799,False
2402,False
7754,False
1073,False
7211,True
144,False
6170,False
1340,False
6623,True
6358,False
2091,True
5696,True
5434,False
5520,True
5125,True
6576,True
6606,True
3087,False
5157,True
1003,False
4091,True
5465,True
4251,False
8000,True
555,True
7007,True
3936,False
7692,True
1485,True
6543,True
1272,False
8349,True
1411,False
8058,True
753,True
1471,False
8403,False
7525,False
3358,True
6689,False
3076,True
6907,False
6026,False
6191,True
3658,False
981,False
7750,True
6796,True
2722,True
8062,False
1268,False
2462,False
4127,False
268,True
654,True
3378,False
8669,True
4294,False
8610,True
2821,False
428,True
589,True
495,False
6277,True
3615,True
5447,True
4601,False
7189,False
5890,True
528,True
1808,False
4490,True
7861,False
5426,False
2028,True
5144,False
677,True
6632,True
6162,False
4230,True
6648,False
6861,True
3782,False
7922,True
2432,True
4771,False
6253,True
551,True
6574,True
7490,True
3305,False
1611,False
3857,False
4877,False
7756,True
3316,True
7998,True
3383,False
7498,False
4751,True
5257,True
4985,False
605,True
6532,True
4597,True
3912,True
1468,True
6746,True
1982,True
5574,True
890,True
3459,True
5642,True
843,True
2155,False
7178,True
8493,True
2077,False
5228,True
4687,True
4609,False
4391,True
2799,False
6431,True
584,False
6176,True
3501,True
5090,False
7163,True
4241,True
7080,True
5856,False
4454,True
4680,False
5013,True
3817,False
8521,True
2550,False
6453,True
344,True
6415,False
5306,False
3353,True
8402,False
871,True
5354,False
8460,True
4557,True
7452,False
90,True
5707,False
4842,True
5953,False
3592,False
5601,True
5942,True
2117,True
2937,False
4856,True
6953,True
2836,False
3096,True
5247,True
3931,True
947,True
2925,True
4031,True
3214,False
7066,False
4860,False
883,True
8224,True
5231,False
7825,True
3710,False
1456,True
8300,False
6759,False
6124,True
5461,True
6108,False
6559,True
6424,False
2415,False
4428,True
8231,False
6418,True
3518,True
6159,True
4377,False
2899,True
3916,False
2398,False
2209,True
1710,False
104,False
5385,False
1186,False
4532,True
3184,False
8509,False
8542,False
7355,True
8593,False
151,True
5771,True
915,True
1305,True
5215,False
3049,True
8391,True
5956,False
8267,True
6572,True
7105,False
4332,False
6048,True
2796,False
2701,False
1398,False
2519,True
183,False
3540,True
366,True
4149,False
5382,False
8505,True
2417,True
471,True
967,False
6115,True
6036,False
2656,False
6845,False
209,False
1961,True
896,False
6939,True
3334,True
7150,True
1773,False
7852,True
2299,True
1209,False
4905,True
5492,True
8667,True
1270,True
1251,False
3176,False
4471,False
3791,True
1292,False
5521,False
4847,True
3995,False
3315,True
292,False
7763,False
3882,False
1051,False
3578,True
4538,True
7904,False
272,False
2042,False
4855,True
6155,True
6067,False
3892,False
1086,True
5360,True
7290,False
5963,True
6596,False
2903,False
5728,True
6561,True
3543,False
5680,True
5826,True
6174,False
6364,True
3855,True
6292,True
4661,False
613,True
4141,False
4502,True
7084,False
5117,False
5361,True
1748,True
732,True
7001,False
4122,True
5635,True
7070,True
2910,True
2662,False
5045,False
8519,False
3113,False
3303,False
2154,True
1344,True
8541,False
6040,True
6876,True
3625,True
4896,False
952,False
3524,False
3021,False
3978,True
1504,True
4537,False
1806,False
4011,True
1121,True
6020,True
8266,False
5513,True
4450,True
4706,True
4067,True
5647,True
5960,True
3980,True
416,True
2973,False
7021,True
2431,False
3779,True
564,False
2526,True
5819,False
3251,True
1224,False
142,True
6870,True
1490,True
7096,True
6123,True
3783,False
8243,False
4480,True
2653,False
2004,True
1194,False
3862,False
3409,False
5011,False
8376,False
1756,False
497,False
6701,False
4395,True
870,True
3357,True
912,False
721,False
4245,True
8642,False
6664,False
8328,True
8253,True
1496,True
3942,False
1520,False
6587,True
5857,False
2746,True
7346,True
314,True
6422,True
7367,False
3350,True
108,True
1754,True
6426,False
1351,False
3129,False
6735,False
5719,True
5081,True
480,False
4159,False
1973,False
336,False
2764,True
5763,False
6449,True
3991,True
7310,False
524,True
7823,False
4982,False
5628,True
2809,True
724,False
765,False
4967,True
4560,True
6896,True
6279,True
307,True
1278,True
348,False
4475,False
7118,False
7212,False
6982,False
8248,False
1791,False
4772,False
4958,True
4421,True
6452,False
2053,False
7168,True
5924,False
71,True
5711,True
2759,True
5648,False
7590,True
4708,False
7840,True
7788,False
6113,True
2805,False
1260,False
1666,True
4693,True
3870,True
7900,False
4872,True
4614,True
2167,False
1445,True
3803,True
2533,True
4239,True
1695,True
2892,True
1095,False
6889,False
6703,True
3203,True
5980,True
1630,True
5615,True
1881,False
4929,True
6149,False
1612,True
978,False
1413,False
6516,False
4215,False
848,True
5994,True
4667,True
7711,True
2877,False
2271,True
2392,True
7217,True
1830,False
8540,False
6142,True
4165,True
47,True
4818,True
4989,True
1350,True
8364,False
7612,False
5242,False
7749,True
446,True
2248,False
1743,True
844,False
6547,False
8291,False
3289,False
6993,True
7382,False
2440,False
3103,False
6790,True
678,True
4264,True
7868,False
6850,True
1294,True
3580,True
8009,True
5187,True
971,False
3442,False
6555,True
7265,False
1112,True
7797,False
776,False
8441,True
2231,False
2228,False
2153,True
7713,True
4513,True
7107,True
4002,True
8239,False
7746,True
8539,True
6522,False
1366,False
1469,False
1851,True
3183,False
1963,False
3833,True
7069,True
5493,False
3199,True
7863,False
1289,False
485,False
2239,False
4671,False
3261,False
7254,True
5386,False
6421,True
7019,True
8448,True
30,False
4606,False
3542,False
5333,True
1879,False
8135,True
3846,False
4075,False
4262,False
7918,True
7090,True
6512,True
5918,True
7929,False
1036,False
636,False
4306,True
5839,False
6075,False
5829,False
8506,False
1083,False
2615,True
861,True
4664,True
903,True
191,False
109,True
8512,False
5128,True
1942,True
4840,True
7672,False
5200,True
7362,True
1831,True
6519,True
5168,True
4019,True
782,False
563,False
8418,False
5613,True
2775,False
3429,True
5405,True
6140,False
6828,True
1825,False
2617,True
7728,False
1094,True
6507,True
3169,True
4655,True
5359,True
5577,True
4217,True
8225,True
4825,True
8545,True
5781,True
6384,True
1654,False
7482,False
8297,False
2323,False
2413,False
7010,True
2654,False
4051,True
3887,True
4084,False
2678,True
6285,True
5748,True
7744,True
7113,True
5737,False
5629,False
178,True
5638,True
4119,True
1534,False
8415,True
4224,False
3286,False
1204,False
2202,True
4607,False
7420,True
7055,False
3977,False
8088,True
975,False
4387,False
1770,True
829,False
941,True
4121,False
2486,False
627,True
7374,True
5394,True
925,True
3033,False
295,True
1052,True
7376,True
2707,True
3221,True
8498,True
8192,True
4996,True
6813,False
3509,False
6209,False
2789,False
944,False
7271,False
7582,False
6940,True
12,True
1117,False
6670,True
3255,True
5357,False
2690,False
2213,False
3948,False
4076,True
6823,False
1319,True
779,True
8587,False
8288,True
3130,False
4385,False
4489,True
433,False
3475,False
3505,False
653,True
2477,False
92,True
6718,False
6758,False
5525,False
7691,True
5553,False
8621,False
4405,False
5641,True
2886,False
3135,False
7375,False
7722,False
6673,True
4704,False
3885,True
6370,True
2904,False
3582,True
570,True
1448,True
4993,True
4710,True
5250,True
5146,True
5288,True
2518,True
7520,True
1745,True
2741,False
1590,False
3226,False
8465,True
2236,False
287,True
1738,False
5755,True
8072,False
3749,True
3539,False
5865,True
5687,True
5470,False
1923,False
5312,True
2827,True
1684,False
7323,True
5974,False
1338,False
3262,True
3780,False
4823,True
2742,False
993,True
7497,False
650,True
5123,False
2902,True
2258,True
4977,True
5308,True
5266,True
2986,True
5564,True
2121,True
7081,True
7527,True
6239,False
5048,False
1564,False
7705,False
5325,False
2584,False
7156,True
2185,False
3196,False
708,True
1231,False
7549,True
5140,True
7431,True
1258,True
2254,False
8256,True
1951,False
6615,False
991,False
3504,True
113,False
7752,True
2509,False
8129,False
6708,True
5152,False
6716,False
2548,False
7032,True
507,False
5020,True
4692,False
949,False
5064,False
4319,False
3770,False
6816,True
7135,True
2850,False
5363,False
6301,True
2300,False
4004,False
6352,True
350,True
5422,False
2906,False
5527,False
5133,True
2505,False
2620,False
6784,True
1114,True
2846,True
7725,False
298,False
1675,True
3347,True
8413,False
2735,False
7955,True
5880,True
6977,False
7458,True
4379,False
7391,False
6885,True
1937,False
229,True
76,True
103,False
6363,False
3838,True
3815,False
4038,True
1722,True
6252,True
2103,True
7188,False
4375,False
5100,True
5599,True
1837,True
5939,True
6835,False
6750,True
1614,False
3746,True
607,False
8038,False
5407,True
1093,True
4094,False
2622,False
4779,True
7406,False
8608,False
4157,True
160,True
203,False
2387,True
4438,True
5274,True
837,False
2934,True
5508,False
8060,True
2435,True
1230,True
6952,False
7793,True
8605,False
1609,True
3861,False
8384,False
4541,False
5768,True
3852,True
3693,True
5184,True
5402,True
4908,True
2732,False
8351,False
1152,True
8355,True
7396,True
7779,True
4721,True
6086,False
4466,False
3877,True
6983,True
4099,True
1392,False
7974,True
8245,False
657,False
790,True
6888,False
5576,False
7794,False
6438,False
2561,True
3801,False
2640,True
1359,True
6046,True
6721,True
2347,True
6219,False
4092,True
2781,False
4765,True
6724,True
6954,True
3308,False
6925,False
7984,False
8017,False
615,False
6549,True
2575,True
7976,False
2314,False
3340,False
5304,False
1705,False
6497,False
2985,True
4126,False
7798,True
1780,True
8658,True
4248,False
803,True
857,True
3647,True
5229,True
5353,True
990,False
7541,True
5612,False
7060,False
3513,True
6951,False
6472,True
219,False
6782,False
1288,False
3163,False
582,False
2618,False
3612,True
43,False
8095,False
1234,False
8368,True
4914,True
3792,False
3571,False
6633,False
1503,True
4192,False
8543,False
5143,False
3439,False
1892,True
5583,True
7999,False
3272,True
5244,False
8643,True
3480,True
1071,True
718,False
4726,True
2364,True
1505,True
3195,False
670,False
5279,False
2952,False
8489,True
7309,False
7146,True
897,False
4660,True
6412,False
7504,False
8258,True
2666,True
3550,True
3193,False
2890,True
4417,False
7659,True
1530,True
4723,False
7642,False
5271,False
7295,False
39,False
6350,True
8588,False
7334,True
7269,True
1874,True
2370,False
6037,False
1769,True
6657,False
220,False
1983,False
531,True
6568,True
6909,True
4656,True
2881,False
81,True
684,True
7441,False
7493,True
2163,False
731,False
3406,True
2339,True
6661,True
2232,False
7109,False
4398,False
2565,False
5812,True
8310,True
5682,True
7811,False
4527,True
4503,True
8312,True
1255,False
2104,True
5049,True
4695,False
5160,False
7941,False
3484,False
8240,True
3816,False
7006,True
6579,True
5896,True
4184,False
1621,False
8532,False
6330,True
4709,True
7296,True
1096,True
4808,True
8229,False
2463,True
5388,False
1788,True
6641,False
8022,False
6862,False
192,False
820,False
4309,True
5309,False
2687,True
4409,True
4505,False
2607,True
5608,True
238,True
4015,False
2977,False
4504,False
945,True
7320,True
8138,False
7608,False
4366,True
3552,False
7533,False
3360,True
4189,False
2410,False
6578,True
3982,True
146,True
5014,True
2294,False
7115,True
3611,False
1736,False
5762,False
114,True
7233,True
7250,True
498,True
720,False
3089,True
5440,True
5496,True
596,True
7614,False
5368,False
1647,True
5219,False
2700,True
8045,False
1700,False
7364,True
6643,True
4467,False
2942,False
7097,True
86,True
2308,False
2677,False
7261,False
5815,False
2594,False
7670,False
1029,True
136,False
5153,True
4635,False
7216,False
1200,False
8263,True
8065,False
566,False
5694,False
3927,False
4564,False
5708,False
6706,False
4955,True
4921,True
6272,True
2330,True
3515,False
2187,True
195,True
4275,False
802,True
8074,False
5933,True
2068,True
4355,True
7064,True
644,False
8083,False
6373,False
120,False
2981,True
3074,True
7403,False
7978,False
2135,False
4672,False
134,False
8372,True
2559,False
62,True
7952,False
5409,False
2467,True
679,True
6779,False
741,False
3641,True
6271,False
6345,False
3258,True
1873,False
2596,False
1717,True
7588,True
2843,True
7921,True
6962,False
6112,False
489,True
493,True
690,True
3821,True
602,True
1911,True
6311,True
5384,True
6500,True
7956,False
3757,True
2366,False
5192,True
5286,False
1361,False
4508,True
1526,True
6395,True
4584,False
1551,True
8416,True
1337,False
3901,True
3010,False
7187,True
2250,True
2346,True
7934,False
2784,True
5037,False
150,True
2804,False
6302,False
2086,False
3751,False
2259,False
4017,False
6581,True
7316,False
7054,True
6032,True
3856,True
859,False
5710,False
6073,True
5507,True
6757,False
6804,True
6425,True
1779,False
4416,False
7700,False
1818,False
5948,True
2704,False
175,True
2093,True
6654,False
3491,True
7325,False
82,True
816,True
5528,True
8261,True
283,True
7183,False
7770,False
7249,False
2915,False
1813,False
1271,False
4462,True
8331,True
6817,False
7724,True
2642,False
4937,True
2305,False
4898,False
4195,True
4168,True
3849,True
8558,False
6473,True
5926,True
2414,False
3554,False
2195,False
2600,False
6419,True
4314,True
3366,False
4570,False
4963,True
2633,True
6147,True
2434,False
6273,True
5097,True
6315,True
3545,True
8378,False
7159,True
517,True
4610,True
6455,False
1415,False
7297,False
127,True
3474,True
7481,True
4310,False
2438,True
3765,False
4394,True
4685,True
8488,False
1473,False
5214,False
3560,False
3951,True
49,False
6820,False
887,False
2616,False
516,True
3168,True
2949,False
1424,False
139,False
1924,True
2378,True
3197,True
112,True
3250,True
6513,True
5841,True
7626,True
3277,False
4740,True
8076,True
4641,True
6794,True
5551,False
3222,False
6178,False
451,False
3731,True
7386,True
8481,False
2763,True
658,False
5775,False
999,True
389,True
3407,True
1476,False
2240,True
2386,False
7623,True
3922,False
2972,True
3386,True
1293,False
8061,True
2873,True
4173,True
2535,True
7706,True
1907,True
6321,True
368,False
1151,True
5831,True
7024,True
4453,True
4900,True
6743,True
4160,False
4287,False
5846,True
5067,False
174,False
1903,True
1099,False
6087,True
3408,True
1538,False
2292,False
7957,False
1363,False
8324,True
5141,False
8090,False
680,False
5753,False
3664,True
1661,True
508,False
166,True
6312,False
1006,True
6400,True
6187,False
3494,True
8301,True
8471,False
2536,True
1104,False
3875,False
5653,False
1752,False
5254,True
2916,True
6050,False
152,True
3907,True
7684,False
2552,False
2773,False
6529,False
3551,False
3722,True
5007,False
6730,False
7915,True
5112,False
1822,False
4086,True
4639,True
7058,False
5514,True
5822,False
309,False
5808,False
5503,True
3599,False
3622,True
6570,True
3450,True
205,False
1135,False
2749,True
3613,False
305,True
1849,True
7968,True
1988,False
3240,True
2798,False
5803,True
3109,False
4059,True
1987,False
7808,False
383,True
4307,True
3388,True
7335,False
2727,True
8046,True
4738,False
8386,True
5211,True
3832,False
7005,False
4276,False
253,True
8326,False
5485,True
278,True
3252,False
2480,False
289,False
4588,True
3075,True
6079,False
5715,True
4832,True
6674,False
8442,False
6474,False
4618,True
5832,False
270,True
5914,False
6009,True
6599,False
7106,True
4207,True
3218,False
1391,False
3975,True
4316,True
8295,True
6071,False
8602,False
83,True
873,False
8340,False
5744,True
4500,True
8434,True
8422,True
5209,False
2450,True
3954,True
2329,False
7665,False
5310,False
8069,False
6550,False
7344,False
4801,True
6160,True
1216,True
6990,True
6029,True
1064,True
3786,True
4410,True
5099,True
7195,False
7397,True
3008,False
1105,False
5019,True
6744,False
5646,False
4974,False
4369,True
2765,False
3929,True
5516,False
7051,False
6792,True
4828,True
7123,True
2451,False
4707,True
4960,False
3824,True
7427,True
2652,False
7640,True
3743,False
2176,False
7905,True
3318,False
4793,True
2787,False
4105,True
7317,False
1676,False
3947,False
6747,False
6693,False
8089,False
5840,True
5593,False
2503,True
8315,True
2369,True
2217,False
2218,True
3326,True
6017,False
3583,True
7170,False
6153,True
7260,False
4852,True
7169,True
85,False
2801,True
3671,False
3667,True
8510,True
4590,True
2019,False
5889,False
2525,True
5501,True
4984,True
7072,False
6755,False
6195,False
2895,False
7061,False
7818,False
3425,False
5227,True
5071,True
5003,False
4659,False
5459,True
2001,True
6840,False
869,True
356,True
6145,True
5793,False
1275,False
1890,False
4952,False
7771,False
3563,False
6220,True
2380,True
7926,False
6385,False
6950,False
3306,False
7085,False
3499,False
5027,False
1116,True
8575,True
8121,False
5060,True
6202,True
7627,True
3645,False
2500,False
4906,False
8117,False
3809,False
4992,False
6903,False
5875,False
1696,False
5403,True
2052,True
1776,False
7439,False
3313,False
6586,True
5114,True
1592,False
1723,False
7157,True
4961,False
6244,False
490,False
7682,True
3483,True
3431,False
7712,True
5799,True
25,False
8136,True
2409,False
3270,False
1552,False
7804,False
6851,True
3871,True
3402,False
4529,True
979,True
2655,True
1847,True
5983,True
6226,True
6649,True
6808,True
5425,True
1102,False
3276,True
5555,True
8217,False
6379,False
3996,False
194,False
7632,False
643,False
3285,True
3116,True
3575,True
8200,False
4320,False
8685,True
2207,True
4552,False
5505,True
3718,False
972,False
6848,False
719,True
8178,True
3896,False
2803,True
2566,True
4025,True
32,False
7194,False
4063,True
7377,True
1697,False
2792,False
2222,False
3764,False
3866,False
6928,False
7360,False
5033,False
5337,True
3758,True
6482,True
3227,True
5866,True
6435,True
3904,True
2277,True
5137,True
1401,False
739,False
4266,True
8569,True
5611,True
3851,False
8638,True
6163,True
4899,True
5162,True
674,True
8630,True
7542,False
3841,False
1815,False
7887,True
8551,True
7810,True
4653,True
5502,True
2100,False
7695,True
2101,False
4213,False
5466,True
1548,True
4834,True
3323,False
5462,True
355,False
1461,False
8100,False
3220,True
6841,False
5925,True
1751,False
8454,False
5714,False
1772,False
1196,False
1878,False
2668,True
3171,False
2016,False
2005,True
3893,False
3237,False
4424,True
4744,True
2078,False
396,True
2788,True
5379,False
4072,False
6428,False
6318,False
1519,False
6901,False
1378,False
1023,False
2587,False
5746,True
2857,False
7964,True
7210,True
1629,False
4526,False
3523,True
7747,True
3607,False
8158,False
234,True
8609,False
3796,False
4118,False
3800,False
5672,True
6742,False
1948,True
8122,True
5677,True
3492,False
2671,True
7609,False
2224,True
1106,False
7534,False
818,False
4523,True
7122,True
7048,False
6827,True
8111,False
888,False
2437,True
817,False
3414,False
2341,False
7505,False
3167,False
7769,True
6033,False
1264,False
4449,False
4045,True
6611,True
6451,True
1228,True
6188,True
52,True
6700,False
7693,True
159,False
5674,False
1587,False
1589,True
5226,False
8464,False
5785,False
3858,True
6270,False
2828,False
436,False
6126,False
3878,True
1588,False
2780,False
7434,False
6753,False
6734,False
4727,False
973,False
1238,True
2951,False
2342,True
5500,False
7801,False
1497,True
4545,True
4257,True
2422,False
8114,False
8530,True
7866,False
2092,True
2015,False
8503,False
6676,False
187,True
5173,False
3655,False
3426,True
5498,False
1381,False
5610,True
413,True
4897,False
3336,False
3606,True
3175,True
6671,False
8435,True
5862,True
256,True
5332,True
200,False
2235,False
4743,True
1767,False
4236,False
6552,False
1572,True
24,True
7227,True
1088,True
4674,False
2694,False
7012,False
3398,False
3559,True
7717,False
2841,True
2311,True
6372,True
3234,True
4152,True
1309,False
695,False
7785,False
3752,False
1227,False
1999,False
276,False
5106,False
8220,True
7243,True
8126,False
6208,False
4778,True
8426,False
4117,False
6101,False
1137,False
2767,True
6151,True
8140,True
942,True
7369,False
4935,True
3935,True
2384,False
115,True
8091,False
8670,True
3119,False
4258,True
5058,False
6590,False
2819,False
3822,True
7610,False
7895,True
7327,False
3802,True
3536,True
3825,True
6897,True
8298,True
4810,True
1946,True
5899,False
5375,False
3488,True
1610,False
5321,False
4677,False
4959,True
8092,False
4761,False
2194,False
6008,True
557,True
6054,False
1207,True
5981,True
5499,False
1510,False
3829,False
3732,True
5978,True
3211,True
3630,False
6260,False
6264,False
266,True
1140,False
3162,True
7488,False
3730,False
1909,True
7258,True
7789,False
656,True
6487,True
5888,False
998,False
5584,False
2834,False
7762,False
1237,False
7613,True
7658,True
6992,False
2186,False
1134,True
5004,True
1303,False
1627,False
5912,False
1522,True
8523,True
358,False
138,False
299,False
1556,True
382,False
6340,False
5239,True
4857,True
7274,False
6652,True
6022,True
7394,False
6319,False
5331,True
7845,False
2721,True
1932,True
8684,True
3236,False
3140,True
4163,True
8538,True
3807,False
7803,False
8020,False
4154,True
4172,True
796,False
2416,False
785,True
3158,False
123,True
2172,False
6618,True
6760,True
7950,True
4340,True
910,False
2309,False
8387,True
3634,True
1257,True
4458,True
1178,False
4652,True
3650,True
442,True
7020,True
1399,False
1457,False
5654,False
1054,True
8577,False
3275,True
8439,False
3699,True
3759,False
929,True
6489,False
1829,True
7741,False
7398,False
4221,False
3546,False
7359,False
6398,False
2011,False
6945,False
6237,True
3219,False
2606,False
3264,False
4928,True
6926,False
6098,False
6,True
2980,False
3361,True
4774,False
1943,False
5598,True
1635,True
8287,False
7029,False
5879,False
2070,False
3134,False
5837,False
2242,False
1474,False
8350,True
1889,True
3435,False
5712,False
3705,True
2021,True
4020,True
7947,True
8259,True
7045,True
2658,True
1130,True
5531,True
1819,False
8385,False
4318,True
8339,True
4144,False
4669,False
1236,True
8549,False
1856,False
2282,False
7219,True
8383,False
4093,False
5323,False
7767,True
386,True
1628,True
3585,True
5571,False
2714,False
7299,False
6526,True
7995,False
3189,False
8663,True
4305,True
909,True
6921,False
1866,True
1842,True
2497,False
7480,False
7232,True
7857,True
5054,False
4006,True
2702,False
8654,True
331,False
5377,False
5404,True
2459,False
1774,False
8077,True
7571,True
2686,False
7702,False
7423,False
6390,False
6732,False
7047,False
6995,True
6537,False
6890,False
173,False
6242,True
4615,True
3321,True
5324,True
3372,True
3311,False
5488,True
5705,False
7319,False
6121,False
4679,True
3403,True
18,True
3691,False
6915,False
4096,False
3628,True
7236,False
2174,False
1356,False
5002,False
5557,False
8249,False
3112,True
182,True
7259,True
7229,False
1812,False
5920,True
6536,True
4912,True
1800,True
2429,False
7979,True
8394,True
7882,True
6381,True
6106,True
5666,False
4987,True
8476,True
4650,True
1159,True
1213,True
6681,False
1325,False
8131,True
5701,False
4796,False
1455,False
6445,True
4962,True
7961,True
1644,False
2140,False
4536,True
4457,False
7383,True
4378,False
729,False
4357,True
5955,False
1936,True
3793,True
3736,True
7873,True
6538,True
1110,True
7426,True
2998,False
2394,True
1185,False
2007,True
193,False
7301,True
578,True
771,True
2395,True
1478,False
1846,False
7815,False
4274,True
3740,True
4600,False
7368,False
8583,True
4915,True
2073,True
4754,False
1896,False
6739,False
3659,True
2379,True
1447,True
342,True
8109,True
8059,False
2527,True
727,True
4577,False
976,True
6459,True
3516,False
8032,True
8504,False
3940,True
1299,True
1348,True
660,True
1492,False
6173,False
6375,False
6699,True
5154,False
2315,False
8347,True
8314,False
1085,False
2524,False
7145,False
3198,True
6206,False
6221,False
67,False
7264,False
2269,False
6466,True
5522,False
7202,False
7615,True
5322,False
3447,True
2367,True
7522,True
6125,True
2512,False
2723,True
7775,True
6775,True
1143,True
8457,True
7518,True
6298,True
7832,False
4728,True
5684,True
3789,False
2220,False
5075,True
2331,False
5590,False
6056,False
8021,False
4088,True
1967,True
7445,False
7523,True
8683,False
4365,True
423,False
7909,True
1904,True
595,False
3917,True
3618,True
839,True
4596,False
5634,False
141,True
7544,True
1377,True
3674,False
7108,False
8599,False
4741,False
3808,True
1138,False
2257,True
5916,True
1787,True
3938,False
5938,True
4646,False
459,False
8283,False
948,True
3700,True
1336,True
4628,True
7276,False
1602,True
2238,False
639,False
8533,False
3830,False
8115,False
5995,False
6333,False
8170,False
1070,False
155,False
2295,False
5847,True
4578,False
1089,True
2940,False
7720,False
4384,False
930,False
2909,True
6060,True
895,True
3247,False
2326,False
6800,True
6712,False
5038,False
8097,False
7883,False
1715,False
1698,True
8419,False
8671,True
6199,True
3831,True
3348,True
8264,False
985,True
1821,False
8035,False
587,False
8477,False
5077,True
5852,False
6361,False
8268,True
8662,True
5825,True
8019,True
3557,False
1395,False
264,True
3547,True
5738,True
3069,False
5025,True
6468,False
3864,False
7584,False
2400,False
6621,False
3711,False
246,False
1594,False
1529,True
6198,False
923,False
8637,False
4364,True
669,True
3604,True
5108,False
1910,False
7474,False
5248,True
3958,True
2696,True
2591,True
1781,True
3013,True
2307,False
5476,True
3690,True
687,False
612,False
5749,True
3200,True
2267,True
8499,True
7352,True
1898,False
6797,False
258,True
2924,True
4943,True
2822,False
3339,True
3525,False
4563,False
5329,True
5223,True
2285,False
7715,False
7307,False
484,True
2211,False
5416,True
5685,True
2555,True
7,True
3657,False
7739,True
4874,False
4402,False
7378,False
2426,False
1814,True
8357,False
2274,False
1011,False
6207,True
1067,True
1991,False
3970,True
7585,False
6517,True
7959,True
8008,False
3867,True
8597,False
3048,True
781,True
2675,True
1749,False
2791,False
4979,True
1091,True
7200,True
7718,False
7773,True
7417,True
5055,False
2608,True
7491,True
2290,False
1727,True
610,True
4666,True
6436,True
343,True
6406,True
7128,True
3750,True
6558,True
7972,True
3215,True
97,False
8486,True
5176,True
1537,False
3588,True
8554,False
3648,False
7273,False
5676,True
1517,True
5061,True
8043,True
4624,True
4272,False
3669,False
2090,False
572,False
8299,True
6936,False
7586,False
3062,True
5816,True
6630,False
5957,True
5937,False
6138,False
4479,True
8125,False
370,False
1938,False
6480,True
7880,False
3670,False
3652,False
5201,True
2361,False
4260,False
5432,False
4991,True
5717,False
8212,True
3737,True
8137,False
8052,True
6360,True
5591,False
1171,True
5968,True
1422,True
8197,True
8044,True
6023,True
7735,False
874,False
2297,False
2643,True
7910,False
5347,True
840,False
581,False
204,False
1641,True
2014,True
3253,False
5665,False
905,False
631,False
6502,False
5883,True
1974,False
162,False
4998,True
6256,True
8201,True
5838,True
4713,False
875,True
1431,False
4643,True
5080,False
7689,False
5730,False
5835,False
8191,True
2856,True
1861,False
2659,True
3384,True
8303,True
8494,True
6069,True
6389,True
4733,True
3331,True
7472,False
6886,False
6388,False
2096,True
2003,True
7089,True
6232,True
5017,True
546,True
1449,True
6354,False
2610,True
1900,True
7201,False
2757,False
1885,False
8536,False
7877,True
2097,False
7942,False
499,True
5624,True
836,True
3471,False
4697,True
8692,True
2171,False
7848,True
7772,True
398,False
2010,False
5166,False
8508,False
1283,True
6458,False
8496,False
4256,True
1836,False
7643,True
1019,False
6625,True
1326,False
5686,True
475,True
2810,True
6875,True
1651,False
8344,False
7802,False
2528,False
1206,True
5958,False
5469,False
8396,False
7082,False
8071,True
867,False
2974,True
8156,True
5093,False
5433,False
541,True
5195,True
1132,True
8550,False
7207,True
3390,True
8193,False
2962,False
4155,True
3259,False
5950,True
8636,True
2583,False
2813,False
7092,False
7911,True
5174,True
6310,False
3586,True
7843,True
5998,False
7768,True
2630,True
7315,False
5848,True
5036,True
1080,False
4283,True
2085,False
2452,False
4966,True
2023,True
6058,True
7442,True
7028,False
226,False
1013,True
1929,False
6463,False
5251,True
1404,False
2179,False
697,True
1124,False
3895,True
6186,False
5110,True
1778,False
8531,False
2634,True
3489,False
6248,True
1037,False
2256,False
6141,False
2613,False
313,True
2649,False
2281,False
6566,False
2547,True
5512,False
5132,False
2159,True
3137,True
7595,True
3967,True
1428,False
6505,True
2520,True
5894,True
6627,False
6771,True
6879,True
5602,False
448,False
5792,True
1284,False
3727,True
361,True
5230,True
7363,False
7283,True
5149,True
2460,False
22,False
2066,False
1653,True
702,False
6629,False
2743,False
1376,False
7430,True
2468,False
3754,False
2325,True
460,True
5163,True
4183,False
7503,True
4082,False
1486,False
3678,False
282,True
4558,True
4308,True
4865,False
3537,True
6441,True
2581,True
1368,False
8219,False
6156,True
597,True
4351,False
7425,False
4758,False
646,False
8425,False
5976,True
3468,False
5863,False
2990,False
8133,False
4875,False
2544,True
6805,True
5341,True
7015,True
4066,True
3988,False
2160,False
685,False
7308,True
3243,True
7076,True
4083,True
2837,True
3697,False
4941,False
8007,False
5784,False
4040,False
2230,False
6684,True
2320,False
4878,False
521,False
522,False
5345,False
7530,False
7354,False
7920,True
6908,False
780,True
7149,True
6213,False
5607,False
651,False
6829,True
2196,False
369,False
8307,True
4214,False
377,False
6442,True
2216,True
6968,False
1613,False
1827,True
3632,False
962,False
2993,True
8401,False
6974,False
6214,True
359,False
3839,True
6137,True
1246,True
6391,True
5087,False
3694,False
7710,True
6713,False
2567,False
3423,True
2037,False
772,False
5380,False
8305,True
3562,False
562,False
2546,True
5510,True
5330,False
6780,True
4531,True
1674,True
365,True
6021,False
7879,False
4327,False
147,False
8031,True
3088,False
7209,False
407,False
8320,True
3456,False
4182,False
3576,True
3271,False
4940,False
1031,True
8377,False
8524,False
855,True
3926,False
78,True
2247,True
7464,True
8648,True
8342,False
7074,True
7384,True
788,True
2279,False
4095,True
3897,False
7936,False
7591,False
3631,True
8233,True
424,True
392,True
6836,False
16,False
4200,False
2672,False
2444,False
8474,False
3493,False
1459,False
8101,False
8629,True
6193,False
6084,True
3835,False
7982,False
5683,True
7263,True
5827,True
8469,True
4724,False
7095,True
5887,True
2355,True
4798,False
2442,True
6203,True
4592,False
7110,False
464,False
163,True
7903,False
8182,False
8495,False
241,False
2009,False
3084,True
900,True
5542,True
7153,False
4837,True
2293,False
5991,False
4481,True
5302,False
4605,False
3716,False
7583,True
1764,False
1549,False
3029,False
8029,True
2044,False
767,False
5693,True
1508,False
3302,True
4517,True
4219,True
7594,False
5999,True
3292,True
819,True
1403,True
1382,True
2148,True
5671,False
1638,True
5891,True
608,False
399,False
882,False
3565,True
8165,False
1179,True
5448,False
4244,False
5218,False
6255,False
2130,False
5078,False
456,True
7324,True
7969,False
1950,True
5372,True
689,True
7222,False
8534,False
1953,False
5636,True
2710,False
6761,False
6798,True
4349,True
7927,False
1884,True
8446,True
8078,True
2494,False
6533,True
3036,False
5777,True
3603,False
845,False
542,False
3724,True
4187,True
3679,False
7294,False
6200,True
7993,False
6434,False
2964,False
2529,False
5772,False
1048,True
1960,False
2530,True
6740,False
237,True
4917,False
1133,False
5901,True
7558,True
4259,True
7205,True
6769,True
6880,False
5656,True
7053,True
5907,False
2978,False
7234,False
8087,False
7033,True
6189,False
6826,True
3919,False
3138,False
8492,False
5789,True
4073,True
7847,True
3229,True
1826,False
5548,False
593,True
2725,True
4137,False
560,True
7160,True
6450,True
243,False
5435,False
4437,False
6356,True
405,False
1442,True
261,False
7647,False
8278,False
1689,False
1725,False
7454,True
4930,True
5962,True
2496,False
6553,True
340,True
6393,True
1601,True
5782,True
4576,False
3725,False
2556,False
2785,False
1523,True
6824,False
8116,False
1012,False
6454,False
7388,False
1766,False
4551,False
4037,False
6268,False
7223,True
7411,True
8381,False
363,False
5367,True
8644,False
6488,False
8204,False
4725,False
4443,False
7284,False
8321,False
2562,True
6409,True
8337,False
5519,False
8346,True
3083,True
2959,False
2102,True
632,True
2493,True
2665,True
6636,False
4406,False
6728,True
6869,False
2334,False
7017,True
3619,False
5561,False
3883,False
6225,True
4211,False
8252,True
1494,True
2401,False
3874,False
1232,True
2661,True
2817,False
6460,False
2774,False
8528,False
7255,True
4153,False
6825,True
3061,True
8333,True
8645,False
1735,False
2823,False
6980,True
6290,False
2475,False
2564,False
8677,True
7690,False
7073,True
707,False
3046,True
7790,True
5189,True
6987,False
5472,True
72,True
6018,True
4448,True
5860,False
4839,False
4131,True
5101,True
1190,False
2601,False
1125,False
1241,True
6240,True
8186,False
7538,False
6871,False
3351,True
5094,True
4008,True
1577,False
3906,True
3729,True
4358,True
5922,False
1343,True
8681,True
6963,False
440,True
1100,True
2637,True
6465,True
649,False
1546,True
6965,True
7766,False
2852,True
3503,True
6604,True
630,False
4768,False
1249,True
6275,True
482,True
1584,False
4676,True
1462,True
3040,True
5010,True
7040,True
3273,True
3683,False
4145,True
8459,False
6464,False
4954,False
3225,True
1072,True
4815,False
2631,False
1660,False
5752,True
2425,False
5079,False
7698,True
5902,True
6959,False
3097,False
3976,True
8179,True
1300,False
6521,False
5481,False
7242,False
5495,True
5291,True
1408,False
1845,False
1798,False
3957,False
1475,False
6637,False
35,True
6967,True
444,False
2359,True
3654,True
7602,False
3179,True
1286,True
6793,False
4445,True
3416,True
2137,False
2636,True
4016,True
4097,True
1681,False
8472,True
8309,True
5767,False
5275,False
1692,False
6763,False
7279,True
3635,False
372,False
7031,False
6012,False
5453,False
5921,True
4882,False
4565,False
140,False
4884,True
4419,True
8365,False
7510,True
714,True
5923,False
5243,True
3188,True
8073,False
4431,True
6423,False
406,False
20,False
1004,False
4986,True
2411,True
2545,False
6866,True
2390,True
7341,True
42,False
2830,False
5859,False
3371,True
3022,True
3364,True
4399,True
5252,False
11,True
4760,False
1177,False
1947,False
2501,True
7931,False
2863,False
3865,False
6228,True
1026,True
3848,False
2989,True
961,True
2889,True
3015,True
3338,False
6105,True
6245,False
6745,False
6479,True
735,False
4400,True
1440,True
8468,True
2875,True
3986,False
916,False
7624,True
7133,False
4089,False
8323,False
7142,False
2772,True
1624,True
7244,True
821,False
1367,False
3712,False
8562,False
1388,True
850,False
1000,True
6812,True
4114,False
1637,False
1667,True
4589,True
3173,True
8048,False
1347,False
7139,True
3230,False
7478,True
7034,True
4783,True
7144,False
3232,True
5704,True
7475,True
703,False
5105,False
7285,False
3291,True
3673,False
2408,True
8317,True
1327,False
8363,False
5773,False
6095,True
5406,False
7492,False
6083,False
4909,False
4440,True
7634,True
986,True
7257,False
3952,True
7855,False
7566,True
4049,True
6257,True
3485,True
6089,True
2474,True
5238,False
3873,True
1198,True
4181,True
1518,True
7581,False
5477,True
1799,False
1014,True
128,False
1364,False
7758,True
4470,False
891,True
2793,True
7671,False
5455,True
4403,False
5757,False
6294,False
3923,True
5413,True
7836,False
3249,True
7751,True
1208,False
3868,True
8199,True
4065,True
7814,False
7829,True
1239,False
2289,True
2740,False
275,False
4585,True
1035,False
1229,True
1008,False
7551,True
5178,False
3828,True
2532,False
4293,True
1058,False
6262,False
6802,False
281,True
1043,True
1316,False
968,False
2381,True
7291,False
1939,True
6584,True
1274,False
619,True
6656,False
1742,False
1390,False
7443,True
5943,True
1579,False
1655,False
3568,False
2352,False
2212,False
6116,False
8665,False
6052,True
3178,False
3192,True
1307,False
6099,False
575,False
2360,False
5802,True
7155,False
6900,False
1280,True
7437,True
4957,True
8400,False
5897,False
5724,False
1993,False
2639,False
269,True
629,True
6791,False
3081,True
3466,True
6430,True
7980,False
4396,True
4023,False
8450,True
5543,True
5568,True
2046,True
4356,False
7179,True
2113,True
27,False
2040,False
3928,True
2938,False
3216,False
4933,False
3814,False
129,True
6795,False
6104,True
2278,True
4599,True
13,False
7837,True
4476,False
7652,True
1525,True
2365,False
4648,False
3052,True
4005,False
2340,False
374,False
6680,False
6477,True
7851,False
939,True
3369,False
5718,True
4573,True
2147,False
3591,True
7225,True
8254,False
7681,True
6164,False
3623,False
529,False
3714,False
7143,True
4732,True
1269,True
4281,False
1394,True
4850,False
4009,False
4390,True
1797,True
2979,False
1441,True
6855,True
2625,True
3811,True
5631,True
1273,False
7496,True
4703,True
1712,False
8475,False
955,False
6789,True
7521,True
8085,False
8304,True
403,False
2071,True
8461,False
1977,True
158,True
5844,True
3888,False
5451,True
902,False
352,False
5326,False
6078,False
6236,True
4540,False
4130,True
754,False
5833,True
2971,True
1082,False
2920,False
311,True
4644,True
661,True
1989,True
3665,True
306,True
2335,True
4790,True
2356,False
3702,True
3804,True
1927,True
8013,True
3427,True
749,False
3638,True
8567,False
1266,False
6705,False
6956,False
8244,True
3595,False
2134,False
5066,True
4109,True
4969,False
4904,True
514,False
8172,False
409,True
6838,False
8673,True
3461,True
7913,True
207,False
7438,False
458,True
2054,True
2430,True
250,True
7799,True
5437,True
1107,True
8066,False
5979,True
1713,True
3911,True
7358,False
715,True
552,False
1439,True
2270,True
3144,True
2056,True
1925,True
634,False
6082,False
316,False
7917,False
8407,True
5424,False
427,True
6803,False
105,True
3041,False
4238,True
2169,True
1709,True
89,False
2241,False
3174,True
7842,True
6259,True
1949,True
4044,False
8556,False
2848,True
6368,True
1,True
6139,False
4337,False
6047,False
935,False
7821,True
2720,True
8651,False
5205,False
7011,True
591,False
8525,False
6877,True
2936,True
2448,False
1576,False
7356,True
8633,False
213,False
778,False
7731,False
3496,False
7174,True
2043,False
8251,True
5420,False
6154,True
1567,False
165,False
4702,False
3566,True
7008,True
8463,True
5439,False
2013,False
273,False
3860,False
4167,True
7292,True
3788,False
5183,False
394,True
583,False
8614,False
8679,True
116,False
6644,True
7511,False
8632,False
7395,False
520,True
1763,False
1875,False
5355,True
3965,False
3344,False
6598,False
2253,True
3224,False
526,False
2946,True
4473,True
3899,True
5655,True
692,False
6059,True
959,False
4444,True
8168,False
6342,True
6131,False
3633,True
5805,False
1050,True
590,True
519,False
3380,False
3676,False
5776,False
7531,False
6573,True
5179,False
1607,False
3610,False
8478,False
6635,False
8690,True
1809,True
791,True
792,True
7515,False
1855,True
1980,False
3233,True
3598,True
933,False
3963,False
8151,False
5626,False
5506,True
6072,True
1682,False
4179,False
4026,True
8098,True
6446,False
4116,False
988,True
7057,False
3453,False
2896,True
3778,False
5658,False
7667,False
3093,True
3155,False
5069,False
5806,False
3201,True
7379,True
1098,False
7593,False
2844,False
886,True
3342,True
7093,True
6540,False
6096,True
515,True
3356,True
4833,True
1453,True
3553,False
3609,True
7370,False
4665,True
2506,False
2994,False
3999,False
6222,False
8601,True
906,True
28,True
7839,False
2507,False
2428,True
5043,True
5346,True
762,False
3747,False
4811,False
284,True
686,True
4799,False
2353,True
6353,True
7353,False
7850,False
21,False
2752,False
885,True
7983,False
917,True
7172,True
1040,True
6335,True
7251,False
1265,False
4579,True
7907,True
8358,True
277,False
5084,False
2084,True
1245,True
2382,False
571,False
1435,False
3902,False
5089,True
1247,False
6874,False
4681,False
3526,False
6557,True
2514,True
5445,True
1007,False
4770,True
6508,True
4543,False
6902,False
7912,True
2064,False
5352,True
7361,True
1690,False
7884,True
8255,False
5343,True
1985,True
294,False
1547,False
2012,True
588,True
3329,True
2403,True
2129,False
3998,False
8001,True
3741,True
3508,True
7834,True
2719,False
4521,True
6678,True
5150,False
2808,True
8277,True
556,True
6276,False
8432,False
4795,True
2469,False
3738,False
4286,False
7524,True
5289,True
1716,False
2604,False
7537,True
1704,True
6714,True
6496,True
2139,True
3239,False
2383,True
4311,False
1285,False
7776,False
7247,False
8167,False
3930,True
6183,True
5985,True
6934,False
1591,False
8408,True
8103,True
2162,True
2396,False
317,True
6367,True
8198,True
3111,True
5233,False
7298,False
5068,True
4036,False
795,False
3020,False
1711,True
3387,True
36,True
4549,True
913,True
5721,False
5295,False
3972,True
5370,False
6471,True
4133,True
974,True
983,False
7462,True
1418,True
1560,True
4135,True
5582,False
7287,False
4265,True
1355,True
7967,False
5016,False
8453,False
987,True
2682,True
5047,True
1640,False
1290,False
3681,False
1380,False
1933,False
4675,True
7685,True
3160,True
2030,False
892,False
4876,True
4069,True
4255,False
2,False
7898,True
2109,False
849,True
2737,True
2466,True
1914,False
1596,True
5872,False
1913,False
5139,True
8423,False
5640,True
2736,True
726,True
53,True
1796,False
3845,True
6007,True
7703,True
2553,False
2800,False
936,True
7535,True
824,True
4321,False
3401,True
1389,True
3564,False
884,False
5429,True
5703,False
5690,True
4867,True
6707,False
6369,True
1868,False
5181,False
10,True
3415,True
5421,True
1463,False
806,False
7453,False
8578,True
4068,False
2108,True
7709,True
2041,False
2234,False
963,False
7167,False
4494,True
2632,True
6094,True
704,True
431,False
4388,False
6077,False
145,True
6467,False
2033,True
8276,False
1165,True
3500,True
2050,False
3760,False
2624,True
4484,False
4435,False
7282,False
7088,True
4361,True
2424,True
1262,True
1771,True
3511,True
271,True
4792,True
4843,True
244,True
8552,False
4572,True
2032,True
5053,False
7224,False
813,True
6010,False
3810,True
5727,False
8656,True
7424,False
1804,True
7759,True
4346,True
2461,False
545,False
3241,False
738,True
310,False
3521,True
7037,True
1131,True
5545,True
492,False
4111,True
2769,False
920,False
7657,False
3587,True
6640,True
3959,False
38,False
4459,True
4278,False
2983,True
5290,True
6948,True
130,True
5217,True
8622,True
2667,True
3223,True
1182,False
5392,False
614,True
8606,True
1466,False
4497,False
3042,True
934,True
2419,True
5085,True
3294,False
6737,True
7412,False
4822,True
826,False
1521,False
6831,False
2930,True
4232,True
628,False
4430,False
3853,True
390,True
4345,True
8566,True
7124,False
5913,True
3990,True
400,True
4806,True
5135,True
7387,False
3359,True
46,False
5657,False
488,False
3993,False
3642,False
3726,True
8292,True
5208,True
6609,False
5319,True
709,False
7119,True
2421,True
5604,True
1750,True
8646,False
7485,True
4062,True
8443,False
338,False
215,True
3663,False
1341,False
8285,True
5616,True
3894,True
3640,False
329,False
8027,False
3004,True
6960,True
4090,True
3115,True
8537,True
2322,False
6667,True
7009,True
4197,True
3549,False
1458,True
171,True
4203,False
7654,False
3569,False
4226,True
5158,True
7456,False
6185,True
7529,False
938,False
60,False
1240,False
5760,True
5136,True
7635,True
6856,True
2120,False
1524,False
153,False
6344,True
481,True
6122,False
4460,True
7101,False
3920,False
1762,True
750,False
1785,False
7599,False
6212,False
4501,True
4853,True
2711,False
6766,False
7389,True
4193,False
1333,False
8139,True
6887,False
2854,True
186,True
1136,False
8106,False
2058,False
7662,True
7656,False
148,False
4124,True
4889,True
8329,False
3363,False
4788,False
2866,True
3776,True
1386,True
5941,True
3067,True
7559,True
5695,True
3629,False
8205,True
4797,True
3028,True
2969,True
7940,False
1708,True
2953,False
454,False
6964,True
6136,True
7639,False
6411,True
609,False
4263,False
4826,True
7743,False
2074,False
4052,True
7433,False
1622,True
4683,False
5497,True
7141,True
5796,True
7184,False
8005,True
7077,True
40,False
5475,False
2089,False
3924,True
2175,True
7890,True
74,False
7410,False
3798,False
2657,False
3180,True
2076,False
441,False
7844,True
2051,True
2541,False
1301,True
5877,True
3430,False
1304,True
236,False
7617,False
2599,True
4616,True
2573,False
3280,True
3186,False
3953,True
2768,True
4831,False
4223,True
2106,True
2679,True
2761,False
4688,False
5399,False
1387,True
2901,True
3577,True
7348,True
7859,False
7083,False
8527,True
5000,False
5853,True
1279,True
8157,True
804,True
6404,False
1555,False
8234,True
3190,True
4566,False
4802,False
8398,False
7166,True
4841,True
3594,True
6035,False
6852,False
6958,False
1920,False
513,True
4177,True
6843,False
1308,True
5667,False
914,False
3452,False
3695,False
4242,True
3156,True
2198,True
774,True
4425,False
6150,False
6097,True
943,False
822,False
6878,False
5005,False
6612,True
4277,False
164,False
5619,False
4547,False
3983,False
2538,True
6957,False
3191,True
1311,True
8018,True
5207,False
8260,False
5383,False
7619,False
3675,False
7218,False
6722,True
3300,False
3310,True
6904,True
7221,False
327,True
5886,True
2490,False
8417,True
6103,False
5954,False
8390,True
4408,False
832,True
3079,False
3462,True
5297,False
8616,True
54,True
6230,True
4064,False
3451,False
6305,True
1901,False
1481,False
4873,False
4895,True
4150,False
7068,False
3335,False
6016,False
4926,True
946,True
5797,True
3293,False
2161,True
8544,True
5083,False
8093,True
8661,False
3057,False
7342,False
5490,False
6733,True
768,True
2065,True
8247,False
3495,False
7311,False
285,False
1500,True
4524,False
8132,True
2332,True
2717,False
2079,False
3389,True
722,True
951,True
7960,True
2262,True
989,False
3212,True
1759,True
7502,True
4422,False
6704,False
5479,True
1724,False
5182,False
8175,False
341,False
3701,True
4243,True
688,False
3432,False
5203,True
4944,False
966,True
3120,False
8232,False
2203,False
2713,True
4757,False
5098,True
8051,False
8286,True
8055,True
5280,True
5975,False
3572,False
4805,True
5299,False
1990,False
4120,False
4759,False
7495,False
5298,False
7985,True
4971,True
954,False
5034,False
6783,False
3600,True
6490,False
8280,True
474,True
7532,False
385,True
7973,False
1625,False
536,True
6387,True
8371,False
5032,False
4212,True
6456,True
3507,False
201,False
7304,False
1332,False
7112,True
3502,True
2708,False
6030,False
5031,False
6514,True
4662,True
4021,True
1854,True
8169,True
2872,False
3030,True
1205,True
6563,True
1645,False
3417,False
3476,True
7686,False
2861,False
1792,False
5526,False
6922,False
3797,True
3368,True
3367,True
3533,False
7196,True
8014,False
5109,False
6024,False
3449,True
603,False
3056,True
7948,False
126,False
5959,True
3876,False
2935,True
7300,True
5443,True
7151,False
4451,False
7147,False
3531,True
2730,True
827,False
1639,False
7136,True
984,False
3281,True
8664,True
2188,False
2265,False
2443,False
362,False
2349,True
345,True
814,True
6166,False
4807,False
3205,False
7592,True
2919,False
5961,False
3325,True
4106,True
8176,True
2116,True
7450,False
1834,True
793,True
7459,True
1955,False
6898,True
2674,True
94,False
4225,True
3756,False
2891,True
2371,True
7875,True
7567,False
7428,False
8104,True
3228,True
6158,False
7091,False
6359,True
5996,False
7800,False
8148,False
7326,False
6028,True
2853,True
8332,True
2912,False
1865,False
5754,False
4612,False
1857,True
2645,True
2243,False
5373,True
2336,False
950,False
7578,True
8026,False
3068,False
1120,False
2597,True
2204,True
419,True
922,False
1254,False
477,True
2035,True
5408,False
5788,True
5742,True
7182,True
5567,True
6697,False
1202,False
6534,True
2626,False
5765,True
8514,True
1970,False
3110,True
4018,True
2151,True
3687,True
4916,True
1997,False
4033,True
4598,True
3054,True
1248,False
2192,True
2712,False
992,True
2190,True
4670,False
5142,False
5984,False
6565,True
3762,True
6943,False
3597,False
4711,False
1318,False
1863,True
2343,True
2449,False
2136,False
1065,True
5868,False
600,False
4227,False
2621,False
7577,True
77,True
7546,True
2898,True
6148,False
7332,False
4820,True
1314,False
7963,True
5947,True
6413,False
7977,False
872,False
3850,True
5468,False
5951,True
3643,True
2965,False
3391,True
5415,False
2560,True
1570,False
2635,False
5256,False
3530,True
375,True
1908,True
4429,False
7902,False
8639,False
4027,True
6461,True
1604,False
1118,True
3677,True
3490,False
2038,False
6039,True
2958,True
1994,False
2824,True
7938,False
2376,True
8293,False
1342,False
320,True
1619,False
3713,True
5287,False
2060,False
8652,True
2219,False
1673,False
6038,True
260,True
8070,False
2039,False
4785,True
901,False
3744,True
6402,False
2026,True
6988,False
7678,False
4234,False
1917,True
1828,False
1573,False
4415,True
4749,False
6233,True
8015,True
4654,False
6283,True
4208,False
4627,True
224,False
723,False
8194,False
6979,True
1141,False
5529,True
6469,False
5764,True
7467,True
8150,True
5554,False
7193,False
5511,True
2762,False
846,True
4289,False
5560,False
6717,True
5042,True
6117,True
2551,True
5725,False
2928,True
117,False
645,False
5966,False
3,False
4170,True
5851,True
467,True
7489,True
5,True
5342,False
919,False
2595,True
4324,False
1063,True
2590,False
242,False
7042,False
7949,True
1160,True
2870,True
3735,True
8284,False
2397,False
3517,False
6986,False
3421,True
2563,True
6767,False
5622,True
1605,True
1733,False
2324,False
2709,True
8028,True
1312,True
3448,True
3812,True
6085,False
8356,False
2362,False
1975,False
3514,True
1761,False
7487,True
5401,True
2739,False
5637,True
2660,False
2472,False
8584,True
6738,True
6891,True
7536,True
4007,True
4718,False
6177,True
1493,False
4206,False
6371,True
2158,False
1169,True
8227,True
232,False
66,False
7561,True
1603,False
6168,True
3283,False
3596,True
6288,True
4632,False
6955,False
125,True
7641,False
6229,False
5350,True
1296,True
1976,False
8228,True
8188,False
2075,True
4580,False
5750,False
8678,True
3086,False
7924,False
6882,True
7966,False
7673,True
3345,False
8162,True
5870,False
6506,False
2797,False
918,True
1646,True
5122,False
5126,False
4978,False
5431,False
6842,True
4621,True
6809,True
364,False
7553,False
3287,True
2125,True
4123,True
4569,False
525,False
4821,False
55,False
638,False
302,False
2766,False
5811,True
1276,True
8388,False
4720,False
2055,False
5376,False
6947,False
5145,True
4432,False
3644,False
4143,False
2878,True
4202,False
6493,False
5175,False
2286,False
2261,True
5240,False
8134,False
2296,False
6937,True
7240,True
5932,True
1753,False
5197,True
1968,False
7933,False
3117,True
2393,True
523,True
6376,False
6788,False
7680,True
6981,True
5524,False
6677,True
3900,True
8366,True
4699,False
5585,True
8064,False
7570,False
3122,False
6777,True
4156,True
1969,False
671,True
4188,True
666,False
7908,False
1887,False
3266,True
280,False
1719,True
2947,False
4455,True
899,True
7687,True
6031,True
3445,True
6090,True
8003,False
6991,True
7350,True
7830,True
760,False
6254,True
1906,False
4042,True
3823,True
4138,True
3818,False
6269,False
4300,True
5569,False
6196,False
2593,False
4164,True
3031,True
5971,False
3579,True
2832,False
5449,True
3472,True
6327,True
137,True
7043,False
4892,False
2180,False
2128,True
7730,True
3177,False
4854,True
4637,True
5115,False
7962,False
7127,True
7648,False
4261,False
4344,True
1331,False
2017,False
4542,True
2482,False
7002,False
1358,False
6941,False
6241,True
1329,False
8680,True
6881,True
8623,False
7871,True
7589,False
2150,True
4530,False
2122,True
4673,False
3981,False
6996,True
1252,True
3278,True
7062,True
3374,True
2814,False
4719,False
6544,False
1848,True
4858,True
7901,True
3037,True
388,True
235,False
1077,True
1984,False
4363,True
7473,True
3962,True
770,False
2165,False
4533,True
673,True
249,True
6297,False
1574,False
7239,True
6238,True
3419,False
2081,False
1823,False
4583,True
4976,True
4544,True
5565,False
7939,True
716,False
8152,False
8373,False
2048,False
5997,True
6600,False
7245,False
7252,False
5264,True
4178,True
7625,False
4809,False
2724,True
8230,False
7140,True
7190,False
1460,True
6914,False
5989,True
1668,True
8030,True
2756,False
2000,True
4571,True
4613,True
8353,True
404,False
384,True
510,True
8235,True
2152,False
1633,True
8296,True
5580,True
4784,True
8206,True
6970,True
3925,True
5336,True
4158,False
7449,True
4948,False
5898,False
6320,True
5358,False
223,True
2193,True
3136,True
4469,False
1824,False
1015,True
7286,False
5124,True
4972,True
7418,False
7409,True
797,False
2871,True
9,True
6593,False
1944,False
1838,False
4804,True
255,True
7026,True
5713,True
4485,True
3324,False
7714,True
1581,False
2956,False
924,False
6895,False
8099,True
2508,False
7891,False
6132,False
5024,True
5320,False
7312,True
7102,False
6645,True
6042,True
3775,True
4835,False
4136,False
4964,True
2779,True
539,True
7345,False
7483,False
2745,True
3719,True
4185,False
6819,False
5467,False
1145,True
5127,True
4468,False
667,True
7575,True
3019,True
357,False
5063,False
2831,False
2783,True
1353,True
5131,False
7114,True
8491,False
470,True
2703,False
3330,False
8053,False
3637,True
1396,True
3584,True
8195,False
5262,True
5645,False
3376,False
1256,False
6190,True
7569,True
3512,True
5651,True
5778,True
1250,True
5795,True
5348,True
8507,False
4298,True
3284,True
2933,False
4175,True
5268,True
4910,True
1852,True
6316,True
6815,False
8382,False
8563,False
2105,True
133,True
5236,False
5029,True
928,False
823,False
7576,False
8257,False
1531,True
1214,True
504,True
4285,False
6491,True
1996,False
6530,False
3072,False
1958,False
1384,True
894,True
4924,True
455,True
6619,False
5779,False
8335,True
3709,True
1243,False
4849,False
4748,True
4268,False
3522,True
7293,False
4134,False
3602,True
8585,False
713,True
4186,False
2214,False
5301,True
2923,True
6588,True
1810,True
3486,True
7419,False
3141,True
1324,True
4312,True
7494,False
8250,True
5541,True
6172,False
1540,True
2681,True
8589,True
6313,False
1191,False
5293,False
1542,True
7056,False
2539,False
953,True
7241,False
6731,False
4846,False
6801,True
8010,True
4330,True
5334,True
7330,True
4729,True
6541,False
5305,True
5161,True
7860,True
2156,True
1062,True
1167,True
3636,True
7651,False
5588,True
7192,True
4491,True
7266,False
4980,True
8650,True
4946,False
2782,True
717,True
2502,False
4360,False
4171,False
8082,True
8480,False
395,True
7186,False
8535,True
4492,False
1365,False
8271,True
5917,True
4968,True
2914,True
5644,False
3766,False
3440,True
7357,False
6806,False
2143,False
5104,False
5073,True
1571,True
4079,True
1122,False
2786,True
2967,False
2504,False
5988,False
7164,True
728,False
7587,True
7543,True
412,True
5745,True
7668,True
825,False
3267,True
3974,False
417,True
6748,False
2082,False
3373,False
5726,True
4107,True
4380,False
7723,False
1066,True
3913,True
5536,False
8002,True
5387,False
5732,True
2738,False
5052,False
4000,True
2427,False
6833,False
1687,True
851,False
6303,True
5878,False
2839,False
4611,True
2489,False
6905,False
7390,True
2849,True
6665,True
5881,True
4452,True
7421,False
6484,True
2479,False
6617,False
2141,False
5188,True
2744,True
7253,True
3506,True
1679,True
4249,False
3147,True
8130,False
7004,False
580,True
4070,False
3343,True
7404,True
3672,False
559,False
5237,True
7805,True
512,True
1081,False
1664,False
1931,True
8395,False
1150,True
2838,True
5949,True
8308,True
5177,False
830,True
8311,True
4752,False
8470,False
635,True
4465,False
6799,False
7987,False
7079,False
6966,True
4142,True
7027,True
876,True
4869,True
5315,True
5222,True
4,True
3051,False
5691,False
3124,True
2491,False
3854,False
4777,True
7509,True
6457,True
6293,False
1148,False
574,True
3769,True
4146,False
853,False
5919,False
6614,True
6002,True
4495,True
8173,False
6655,True
2368,False
4780,True
7992,False
2950,False
5625,True
6971,True
1841,True
5986,False
537,True
2806,False
5801,True
5596,False
7206,True
7343,False
7560,False
8096,True
784,True
1409,False
154,False
7806,False
3009,False
1686,False
4014,True
7455,False
3863,True
2733,False
1895,True
5442,True
569,True
6709,False
5854,True
1816,False
8319,False
3394,True
3327,False
8675,True
6102,True
2975,False
980,True
190,False
5088,False
699,False
8479,False
606,False
301,False
3420,True
8518,True
1060,True
3444,False
1069,False
2205,False
7339,False
8208,True
7679,True
4642,True
7683,True
7996,True
5600,True
7022,False
4893,False
225,False
3354,False
5895,True
3436,False
1693,False
6893,True
1045,False
3446,False
8050,True
8674,False
4735,True
4496,False
1218,False
6015,False
3987,True
4911,False
4493,False
6944,False
5699,True
8352,True
956,True
2869,True
4433,False
4973,False
2961,False
2200,False
98,False
8560,True
2557,False
8445,True
4199,True
5539,True
1648,False
6197,False
6295,True
4499,False
1154,False
2255,False
3170,False
7400,False
7158,True
3108,True
4548,True
5423,True
2049,True
8511,True
262,False
4061,True
5534,True
6616,True
8120,True
8155,True
1802,False
4736,False
2385,False
6694,True
5759,False
1959,False
2976,False
1843,False
1734,False
2911,True
8338,False
1986,False
6546,True
7098,False
2811,False
659,False
2511,False
4282,True
6287,True
1930,False
7125,True
197,True
7777,False
2931,False
8004,False
2327,True
4389,True
4218,True
202,True
3510,True
4931,True
5535,True
5791,False
1707,False
5172,True
5249,True
6528,True
8559,False
5855,True
8164,False
854,False
4737,True
698,True
3696,True
1636,True
7280,False
7554,False
3581,False
1291,False
6585,False
1853,True
5232,True
3763,False
3304,False
1495,True
7994,True
1998,False
663,False
3748,True
4413,True
5530,True
5575,True
7526,False
5864,True
6776,True
1306,True
7392,True
5592,False
1663,False
5450,True
3627,False
2693,False
5915,False
3157,False
6668,True
1059,True
4636,False
3242,True
1678,True
6892,True
6374,True
7574,True
1757,False
6019,False
5116,True
7408,False
2790,False
863,True
7858,True
1484,False
7035,False
7721,False
5977,True
5134,False
206,True
4488,False
6938,True
6910,False
502,True
7385,False
1028,False
3840,True
8110,True
5056,False
8154,False
2731,True
2454,False
7215,False
3104,True
8392,False
6278,True
3099,True
6184,False
3561,False
5892,False
391,False
6736,True
5618,True
5258,False
2695,False
2027,False
5463,True
2568,False
8006,False
64,False
2062,False
5276,False
7208,False
8571,True
6331,False
4859,False
4887,False
878,True
8529,False
7916,False
6863,True
7892,False
6439,True
7869,False
1016,False
7629,True
995,True
4297,True
161,True
5675,False
6873,False
7989,False
3843,True
1021,True
3073,False
7555,False
3943,True
1585,False
3152,False
8226,False
775,True
7099,True
5486,True
6235,True
7041,True
2612,False
7513,True
8433,False
5393,False
3890,False
3556,False
1528,True
1267,True
7734,True
1899,False
4658,False
3005,True
2734,False
189,False
2747,False
2047,False
7849,False
2558,False
8666,True
6396,True
3385,False
4555,True
1184,True
6420,True
5051,True
5311,True
2433,False
6949,True
769,False
1685,False
8322,False
5578,True
4426,False
466,True
6265,True
5734,True
5191,False
5390,False
860,False
7270,False
